Trial,Column,overall,correctness,completeness,category,ground_truth,predicted,reason
NCT00104715_Gravis_GETUG_EU'15,Docetaxel administration - N (%) | Treatment,0.0,0.0,0.0,numeric_tolerance,192 (100%),,"GT has two numbers (192, 100), but Pred is empty. Therefore, correctness and completeness are both 0.0."
NCT00104715_Gravis_GETUG_EU'15,Docetaxel administration - N (%) | Control,0.0,0.0,0.0,numeric_tolerance,0 (0%),152,"GT has two numbers (0, 0), Pred has one number (152). None of the predicted numbers match the ground truth numbers within the allowed tolerance."
NCT00104715_Gravis_GETUG_EU'15,Median Age (years) | Treatment,0.665,1.0,0.33,numeric_tolerance,63.0 (IQR 57.0–68.2),63.0,"GT contains three numbers: 63.0, 57.0, and 68.2. Pred contains one number: 63.0. The predicted number 63.0 matches the GT number 63.0. Correctness: 1.0 (one predicted number matches the GT number) Completeness: 0.33 (one GT number is captured out of three)"
NCT00104715_Gravis_GETUG_EU'15,Median Age (years) | Control,0.665,1.0,0.33,numeric_tolerance,63.0 (IQR 57.0–68.2),64.0,"GT contains three numbers: 63.0, 57.0, and 68.2. Pred contains one number: 64.0. The predicted number 64.0 is within the tolerance of 0.1 of the GT number 63.0. Correctness: 1.0 (one predicted number matches the GT number) Completeness: 0.33 (one GT number is captured out of three)"
NCT00104715_Gravis_GETUG_EU'15,Adverse Events - N (%) | Treatment-related Grade 5 | Treatment,0.75,1.0,0.5,numeric_tolerance,"4 deaths (2 neutropenia-related, HVD subgroup)",4,"The prediction captured one of the numbers in GT (4). Correctness: 4 in Pred matches 4 in GT, so correctness is 1.0. Completeness: GT has 4 and 2, but Pred only has 4, so completeness is 0.5."
NCT00104715_Gravis_GETUG_EU'15,Median On-Treatment Duration (mo) | Treatment,0.0,0.0,0.0,numeric_tolerance,,5.5,"GT is empty, but Pred has a value. Therefore, correctness and completeness are both 0.0."
NCT00104715_Gravis_GETUG_EU'15,Median On-Treatment Duration (mo) | Control,0.0,0.0,0.0,numeric_tolerance,Median number of docetaxel cycles = 8 (median exposure proxy),,"GT contains the number 8. Pred is empty, so no numbers are extracted. Therefore, correctness and completeness are both 0.0."
NCT00104715_Gravis_GETUG_EU'15,Metastases - N (%) | Bone | Control,0.75,1.0,0.5,numeric_tolerance,156 (81%),156,"The GT contains two numbers (156 and 81), while the prediction contains only one (156). The predicted number (156) matches a number in the GT (156). Correctness: 1.0 (The predicted number is correct). Completeness: 0.5 (Only one of the two GT numbers is captured)."
NCT00104715_Gravis_GETUG_EU'15,Metastases - N (%) | Bone | Treatment,0.75,1.0,0.5,numeric_tolerance,155 (81%),155,GT has two numbers: 155 and 81. Pred has only 155. 155 matches 155. 81 is missing.
NCT00104715_Gravis_GETUG_EU'15,Median PFS (mo) | High volume | Treatment,0.75,1.0,0.5,numeric_tolerance,bPFS 15.2 mo; rPFS 15.9 mo,15.2,The predicted value matches one of the ground truth values.
NCT00104715_Gravis_GETUG_EU'15,Median PFS (mo) | Low volume | Control,0.75,1.0,0.5,numeric_tolerance,bPFS 22.4 mo; rPFS 23.2 mo,22.4,The predicted value matches one of the ground truth values.
NCT00104715_Gravis_GETUG_EU'15,Median PFS (mo) | High volume | Control,0.75,1.0,0.5,numeric_tolerance,bPFS 9.2 mo; rPFS 9.7 mo,9.2,The predicted value matches one of the ground truth values.
NCT00104715_Gravis_GETUG_EU'15,Median PFS (mo) | Overall | Control,0.0,0.0,0.0,numeric_tolerance,bPFS 22.9 mo; rPFS 22.9 mo,12.9,The predicted value does not match the ground truth value.
NCT00104715_Gravis_GETUG_EU'15,Median PFS (mo) | Low volume | Treatment,0.75,1.0,0.5,numeric_tolerance,bPFS 40.9 mo; rPFS 41.0 mo,40.9,The predicted value matches one of the ground truth values.
NCT00104715_Gravis_GETUG_EU'15,Quality of Life reported,0.0,0.0,0.0,exact_match,No,,"GT is ""No"" and Pred is empty. Empty is equivalent to ""Not reported"", which is different from ""No""."
NCT00104715_Gravis_GETUG_EU'15,Trial Name,0.0,0.0,0.0,exact_match,GETUG-AFU15 – ADT plus docetaxel versus ADT alone in metastatic non-castrate prostate cancer,Randomized Phase 3 GETUG-AFU15 Trial,Not an exact match.
NCT00104715_Gravis_GETUG_EU'15,Author,0.0,0.0,0.0,exact_match,Gravis G. et al.,"Gwenaelle Gravis, Jean-Marie Boher, Florence Joly, Michel Soulie´, Laurence Albiges, Franck Priou, Igor Latorzeff, Remy Delva, Ivan Krakowski, Brigitte Laguerre, Fre´de´ric Rolland, Christine The´odor","Not an exact match, but semantically similar. However, according to the instructions, this should be an exact match."
NCT00104715_Gravis_GETUG_EU'15,TTPSA (mo) | Control,0.0,0.0,0.0,numeric_tolerance,,12.9,"Since the GT is empty and the prediction is not, both correctness and completeness are 0."
NCT00104715_Gravis_GETUG_EU'15,TTPSA (mo) | Treatment,0.0,0.0,0.0,numeric_tolerance,,22.9,"Since the GT is empty and the prediction is not, both correctness and completeness are 0."
NCT00104715_Gravis_GETUG_EU'15,Region - N (%) | Europe | Treatment,0.0,0.0,0.0,numeric_tolerance,Majority France (exact % not reported),192,"GT indicates that the majority of participants were from France, but the exact number or percentage is not reported. Pred reports ""192"". Since GT does not provide a specific number, and the definition asks for number and/or percentage, the prediction is considered incorrect."
NCT00104715_Gravis_GETUG_EU'15,Column 5: Region - N (%) | Europe | Control,0.0,0.0,0.0,numeric_tolerance,,,"GT contains ""Majority France"" which is non-numeric. Pred contains ""193"". Since GT does not contain any numbers, and Pred does, there is no match."
NCT00104715_Gravis_GETUG_EU'15,Treatment Arm(s),0.75,0.5,1.0,structured_text,ADT + Docetaxel,"ADT plus Docetaxel, ADT alone",The prediction includes the correct treatment arm (ADT + Docetaxel) but also includes an incorrect arm (ADT alone).
NCT00104715_Gravis_GETUG_EU'15,Class of Agent in Treatment Arm 1,0.75,1.0,0.5,structured_text,Taxane chemotherapy (docetaxel),chemotherapy,The prediction correctly identifies the class of agent as chemotherapy but misses the more specific 'Taxane' classification and the specific drug name.
NCT00104715_Gravis_GETUG_EU'15,Secondary Endpoint(s),0.75,1.0,0.5,structured_text,Biochemical PFS; Radiographic PFS; subgroup OS by metastatic volume,biochemical progression-free survival (bPFS) and radiographic progression-free survival (rPFS),The prediction correctly identifies biochemical PFS and radiographic PFS. It misses the subgroup OS endpoint.
NCT00104715_Gravis_GETUG_EU'15,COE_RCT_IND_OVERALL_RJ,0.0,0.0,0.0,structured_text,Yes (randomized phase III),,GT has value but Pred is empty.
NCT00104715_Gravis_GETUG_EU'15,Type of Therapy,0.5,0.5,0.5,structured_text,Chemohormonal therapy (ADT + cytotoxic chemotherapy),ADT plus docetaxel or ADT alone,"The prediction captures the essence of chemohormonal therapy (ADT + chemotherapy) by mentioning ADT plus docetaxel. However, it also includes 'ADT alone,' which is a separate treatment type. Thus, some information is correct, and some is extra."
NCT00104715_Gravis_GETUG_EU'15,Treatment Class,0.5,0.5,0.5,structured_text,Chemotherapy (taxane),Androgen Deprivation Therapy and Chemotherapy,"The prediction includes 'Chemotherapy,' which is part of the ground truth. However, it also includes 'Androgen Deprivation Therapy,' which is a different treatment class. The taxane part is missing."
NCT00268476_Attard_STAMPEDE_Lancet'23,Metastases - N (%) | Nodal | Treatment,0.0,0.0,0.0,numeric_tolerance,,Abiraterone trial: 293 (58%); Abiraterone and enzalutamide trial: 278 (60%),"GT is empty, and Pred contains numbers. Therefore, correctness and completeness are both 0."
NCT00268476_Attard_STAMPEDE_Lancet'23,Control Arm - N,0.75,1.0,0.5,numeric_tolerance,"Standard of care (ADT ± docetaxel), N=502 Standard of care (ADT ± docetaxel), N=454",502,"GT contains two numbers: 502 and 454. Pred contains one number: 502. The predicted number matches one of the GT numbers. Correctness: 502 is the only number in Pred and it matches a number in GT, so correctness is 1.0. Completeness: Only one of the two GT numbers is captured in Pred, so completeness"
NCT00268476_Attard_STAMPEDE_Lancet'23,OS Rate (%) | Overall | Treatment,0.0,0.0,0.0,numeric_tolerance,,48,"GT is empty, and Pred has a value. Therefore, correctness and completeness are both 0.0."
NCT00268476_Attard_STAMPEDE_Lancet'23,Adverse Events - N (%) | All-Cause Grade 3 or Higher | Treatment,0.5,0.5,0.5,numeric_tolerance,Abiraterone trial: 271 (54%) Abiraterone + Enzalutamide trial: 302 (68%),271 (54%) of 498,"GT has 271, 54, 302, 68. Pred has 271, 54, 498. 271 and 54 are present in both. 302 and 68 are missing from Pred. 498 is extra. Correctness: 2/3 = 0.66 -> 0.5. Completeness: 2/4 = 0.5."
NCT00268476_Attard_STAMPEDE_Lancet'23,PS - N (%) | 1-2 | Control:,0.75,1.0,0.5,numeric_tolerance,,,Pred contains only the first set of values from GT.
NCT00268476_Attard_STAMPEDE_Lancet'23,Median OS (mo) | Overall | Control:,0.75,1.0,0.5,numeric_tolerance,,,Pred contains only the first value from GT.
NCT00268476_Attard_STAMPEDE_Lancet'23,Phase,0.0,0.0,0.0,exact_match,3.0,Phase 3,"""3.0"" and ""Phase 3"" are not equivalent."
NCT00268476_Attard_STAMPEDE_Lancet'23,Number of Arms Included,0.0,0.0,0.0,exact_match,2,4,Values differ.
NCT00268476_Attard_STAMPEDE_Lancet'23,Author,0.0,0.0,0.0,exact_match,Attard G. et al.,"Gerhardt Attard, Laura Murphy, Noel W Clarke, Ashwin Sachdeva, Craig Jones, Alex Hoyle, William Cross, Robert J Jones, Christopher C Parker, Silke Gillessen, Adrian Cook, Chris Brawley, Clare Gilson, ",Values differ.
NCT00268476_Attard_STAMPEDE_Lancet'23,Reporting by prognostic groups - Y/N | Synchronous,0.0,0.0,0.0,exact_match,No,Y,"""No"" and ""Y"" are not equivalent."
NCT00268476_Attard_STAMPEDE_Lancet'23,Reporting by prognostic groups - Y/N | Metachronous,0.0,0.0,0.0,exact_match,No,,"""No"" and Empty are not equivalent."
NCT00268476_Attard_STAMPEDE_Lancet'23,Trial Name,0.0,0.0,0.0,exact_match,STAMPEDE,STAMPEDE platform protocol,Values differ.
NCT00268476_Attard_STAMPEDE_Lancet'23,Region - N (%) | Europe | Control,0.0,0.0,0.0,numeric_tolerance,,502 (100%),"GT is empty, but Pred is not."
NCT00268476_Attard_STAMPEDE_Lancet'23,Median OS (mo) | Low volume | Control,0.75,1.0,0.5,numeric_tolerance,Abiraterone trial: 68 Abiraterone + Enzalutamide trial: 64,68 months,"The number 68 in Pred matches one of the numbers in GT. However, the number 64 is missing."
NCT00268476_Attard_STAMPEDE_Lancet'23,Total Participants - N,0.5,1.0,0.0,numeric_tolerance,1919 metastatic patients (1003 in abiraterone trial + 916 in abiraterone + enzalutamide trial),1919,"GT contains ""1919"", ""1003"", and ""916"". Pred contains ""1919"". The predicted value ""1919"" matches the first number in GT. Correctness: 1.0 (the one predicted number is correct). Completeness: 0.33 (one out of three GT numbers is captured)."
NCT00268476_Attard_STAMPEDE_Lancet'23,Gleason score - N (%) | ≥ 8 | Treatment,0.75,1.0,0.5,numeric_tolerance,Abiraterone trial: 366 (73%) Abiraterone + Enzalutamide trial: 352 (76%),366 (73%),"GT contains ""366"", ""73"", ""352"", and ""76"". Pred contains ""366"" and ""73"". ""366"" and ""73"" in Pred match ""366"" and ""73"" in GT. Correctness: 1.0 (all predicted numbers are correct). Completeness: 0.5 (two out of four GT numbers are captured)."
NCT00268476_Attard_STAMPEDE_Lancet'23,Gleason score - N (%) | ≤ 7 | Treatment,0.75,1.0,0.5,numeric_tolerance,Abiraterone trial: 115 (23%) Abiraterone + Enzalutamide trial: 79 (17%),115 (23%),"The predicted numbers 115 and 23 are present in GT. However, the GT also contains 79 and 17, which are not in Pred."
NCT00268476_Attard_STAMPEDE_Lancet'23,OS Rate (%) | Overall | Control,0.0,0.0,0.0,numeric_tolerance,,30,"GT is empty, but Pred contains a number."
NCT00268476_Attard_STAMPEDE_Lancet'23,Region - N (%) | Europe | Treatment,0.0,0.0,0.0,numeric_tolerance,,501 (100%),"GT is empty, but Pred contains numbers."
NCT00268476_Attard_STAMPEDE_Lancet'23,Median Age (years) | Control,0.0,0.0,0.0,numeric_tolerance,Abiraterone trial: 67 Abiraterone + Enzalutamide trial: 68,68,Parsing failed: Expecting value: line 1 column 1 (char 0)
NCT00268476_Attard_STAMPEDE_Lancet'23,PFS Rate (%) | Overall | Treatment,0.0,0.0,0.0,numeric_tolerance,,HR 0.34 (95% CI 0.29–0.39); p<0.0001. HR 0.36 (95% CI 0.31–0.43); p<0.0001,Parsing failed: Expecting value: line 1 column 1 (char 0)
NCT00268476_Attard_STAMPEDE_Lancet'23,Race - N (%) | Nat. Hawaiian or Pac. Islander | Control,0.0,0.0,0.0,numeric_tolerance,,,Parsing failed: Expecting value: line 1 column 1 (char 0)
NCT00268476_Attard_STAMPEDE_Lancet'23,Region - N (%) | Africa | Treatment,0.0,0.0,0.0,numeric_tolerance,,,Parsing failed: Expecting value: line 1 column 1 (char 0)
NCT00268476_Attard_STAMPEDE_Lancet'23,PS - N (%) | 1-2 | Treatment,0.0,0.0,0.0,numeric_tolerance,Abiraterone trial: 125 (25%) Abiraterone + Enzalutamide trial: 137 (30%),125 (25%),Parsing failed: Expecting value: line 1 column 1 (char 0)
NCT00268476_Attard_STAMPEDE_Lancet'23,Median On-Treatment Duration (mo) | Control,0.0,0.0,0.0,numeric_tolerance,,,Parsing failed: Expecting value: line 1 column 1 (char 0)
NCT00268476_Attard_STAMPEDE_Lancet'23,Column 5: Adverse Events - N (%) | All-Cause Grade 3 or Higher | Control,0.5,0.5,0.5,numeric_tolerance,,,192 and 38 are present in both. 204 and 45 are missing from the prediction. 502 is an extra number in the prediction
NCT00268476_Attard_STAMPEDE_Lancet'23,Median OS (mo) | High volume | Treatment,0.75,1.0,0.5,numeric_tolerance,Abiraterone trial: 56 Abiraterone + Enzalutamide trial: 54,56 months,GT contains two numbers: 56 and 54. Pred contains one number: 56. The number 56 in Pred matches one of the numbers in GT.
NCT00268476_Attard_STAMPEDE_Lancet'23,Adverse Events - N (%) | Treatment-related Grade 5 | Treatment,0.5,0.5,0.5,numeric_tolerance,Abiraterone + Enzalutamide trial: 2 (<1%),2 of 445,GT contains two numbers: 2 and <1. Pred contains one number: 2 and 445. The number 2 in Pred matches the number 2 in GT. 445 does not appear in GT.
NCT00268476_Attard_STAMPEDE_Lancet'23,Median OS (mo) | Overall | Treatment,0.75,1.0,0.5,numeric_tolerance,Abiraterone trial: 76.6 Abiraterone + Enzalutamide trial: 73.1,76.6 months,GT contains two numbers: 76.6 and 73.1. Pred contains one number: 76.6. 76.6 in Pred matches 76.6 in GT. 73.1 is not captured.
NCT00268476_Attard_STAMPEDE_Lancet'23,Median OS (mo) | High volume | Control,0.75,1.0,0.5,numeric_tolerance,Abiraterone trial: 36 Abiraterone + Enzalutamide trial: 38,36 months,GT contains two numbers: 36 and 38. Pred contains one number: 36. 36 in Pred matches 36 in GT. 38 is not captured.
NCT00268476_Attard_STAMPEDE_Lancet'23,PS - N (%) | 0 | Treatment,0.75,1.0,0.5,numeric_tolerance,Abiraterone trial: 376 (75%) Abiraterone + Enzalutamide trial: 325 (70%),376 (75%),"376 and 75 are present in both GT and Pred. However, GT also contains 325 and 70, which are not in Pred."
NCT00268476_Attard_STAMPEDE_Lancet'23,Previous local therapy - N (%) | Orchiectomy | Treatment,0.0,0.0,0.0,numeric_tolerance,,"3 (1%) [Abiraterone trial, Standard of care plus abiraterone (n=501)]
        1 (<1%) [Abiraterone and enzalutamide trial, Standard of care plus enzalutamide and abiraterone (n=462)]","GT is empty, but Pred contains numbers."
NCT00268476_Attard_STAMPEDE_Lancet'23,Previous local therapy - N (%) | Orchiectomy | Control,0.0,0.0,0.0,numeric_tolerance,,"3 (1%) [Abiraterone trial, Standard of care (n=502)]
        0 [Abiraterone and enzalutamide trial, Standard of care (n=454)]","GT is empty, but Pred contains numbers."
NCT00268476_Attard_STAMPEDE_Lancet'23,Median OS (mo) | Low volume | Treatment,0.75,1.0,0.5,numeric_tolerance,Abiraterone trial: 100 Abiraterone + Enzalutamide trial: 80,100 months,The prediction only captures one of the two numbers in the GT. Correctness: 1.0 (The predicted number matches one of the GT numbers). Completeness: 0.5 (One of the two GT numbers is captured).
NCT00268476_Attard_STAMPEDE_Lancet'23,Treatment Arm - N,0.75,1.0,0.5,numeric_tolerance,"ADT + abiraterone + prednisolone, N=501; ADT + abiraterone + prednisolone + enzalutamide, N=462",501,The prediction only captures one of the two numbers in the GT. Correctness: 1.0 (The predicted number matches one of the GT numbers). Completeness: 0.5 (One of the two GT numbers is captured).
NCT00268476_Attard_STAMPEDE_Lancet'23,Docetaxel administration - N (%) | Treatment,0.75,0.5,1.0,numeric_tolerance,Abiraterone + Enzalutamide trial: 41 (9%),"Abiraterone trial (SOC + abiraterone): 0 (<1%), Abiraterone and enzalutamide trial (SOC + enzalutamide and abiraterone): 41 (9%)","All GT numbers are captured in the prediction. However, the prediction has extra wrong numbers (0, 1). Correctness: 0.5 (Some predicted numbers match, some don't). Completeness: 1.0 (All GT numbers are captured)."
NCT00268476_Attard_STAMPEDE_Lancet'23,PS - N (%) | 0 | Control,0.75,1.0,0.5,numeric_tolerance,Abiraterone trial: 370 (74%) Abiraterone + Enzalutamide trial: 315 (69%),370 (74%),The numbers 370 and 74 in Pred match the first two numbers in GT. The other two numbers in GT are not captured.
NCT00268476_Attard_STAMPEDE_Lancet'23,Median Follow-Up Duration (mo),0.75,1.0,0.5,numeric_tolerance,Abiraterone trial: 96 months Abiraterone + Enzalutamide trial: 72 months,96,GT contains two values: 96 and 72. Pred contains one value: 96. 96 from Pred matches 96 from GT. Correctness: 1.0 (The predicted number matches a number in GT) Completeness: 0.5 (One of the two GT numbers is captured in Pred)
NCT00268476_Attard_STAMPEDE_Lancet'23,Median Age (years) | Treatment,0.75,1.0,0.5,numeric_tolerance,Abiraterone trial: 67 Abiraterone + Enzalutamide trial: 69,69,GT contains two values: 67 and 69. Pred contains one value: 69. 69 from Pred matches 69 from GT. Correctness: 1.0 (The predicted number matches a number in GT) Completeness: 0.5 (One of the two GT numbers is captured in Pred)
NCT00268476_Attard_STAMPEDE_Lancet'23,Docetaxel administration - N (%) | Control,0.0,0.0,0.0,numeric_tolerance,Abiraterone + Enzalutamide trial: 39 (9%),"Abiraterone trial (SOC): 0, Abiraterone and enzalutamide trial (SOC): 39 (9%)",Parsing failed: Expecting value: line 1 column 1 (char 0)
NCT00268476_Attard_STAMPEDE_Lancet'23,Gleason score - N (%) | ≤ 7 | Control,0.0,0.0,0.0,numeric_tolerance,Abiraterone trial: 118 (24%) Abiraterone + Enzalutamide trial: 92 (20%),118 (24%),Parsing failed: Expecting value: line 1 column 1 (char 0)
NCT00268476_Attard_STAMPEDE_Lancet'23,Gleason score - N (%) | ≥ 8 | Control,0.0,0.0,0.0,numeric_tolerance,Abiraterone trial: 374 (75%) Abiraterone + Enzalutamide trial: 345 (76%),374 (75%),Parsing failed: Expecting value: line 1 column 1 (char 0)
NCT00268476_Attard_STAMPEDE_Lancet'23,Metastases - N (%) | Nodal | Control,0.0,0.0,0.0,numeric_tolerance,,Abiraterone trial: 291 (58%); Abiraterone and enzalutamide trial: 278 (61%),Parsing failed: Expecting value: line 1 column 1 (char 0)
NCT00268476_Attard_STAMPEDE_Lancet'23,Race - N (%) | Black or African American | Control,0.0,0.0,0.0,numeric_tolerance,,,Parsing failed: Expecting value: line 1 column 1 (char 0)
NCT00268476_Attard_STAMPEDE_Lancet'23,Median PFS (mo) | High volume | Treatment,0.0,0.0,0.0,numeric_tolerance,,,Parsing failed: Expecting value: line 1 column 1 (char 0)
NCT00268476_Attard_STAMPEDE_Lancet'23,Add-on Treatment,0.75,0.5,1.0,structured_text,Abiraterone ± Enzalutamide,"Abiraterone acetate plus prednisolone, or abiraterone acetate plus prednisolone and enzalutamide (all added to standard androgen deprivation therapy)","The prediction includes Abiraterone and Enzalutamide, but also adds prednisolone. The ""±"" in GT implies either Abiraterone alone or Abiraterone with Enzalutamide. The prediction includes both, but also includes prednisolone which is not explicitly mentioned in the GT as part of the add-on treatment."
NCT00268476_Attard_STAMPEDE_Lancet'23,COE_RCT_IND_OVERALL_RJ,0.0,0.0,0.0,structured_text,Yes,,Prediction is empty while GT is not.
NCT00268476_Attard_STAMPEDE_Lancet'23,Secondary Endpoint(s),0.75,0.5,1.0,structured_text,Prostate cancer–specific survival Failure-free survival Progression-free survival Metastatic progression-free survival Symptomatic skeletal-related events Safety / adverse events,"Secondary outcomes were prostate cancer-specific survival (defined as the time from randomisation to death from prostate cancer); failure-free survival (defined as biochemical failure, local or lymph ","The prediction includes all endpoints listed in the GT and provides definitions. It also includes ""cost-effectiveness of research treatment"" which is not in the GT."
NCT00268476_Attard_STAMPEDE_Lancet'23,Class of Agent in Treatment Arm 1,0.75,1.0,0.5,structured_text,Androgen biosynthesis inhibitor (abiraterone) + corticosteroid,Androgen biosynthesis inhibitor,"The prediction only captures ""Androgen biosynthesis inhibitor"" and misses ""+ corticosteroid""."
NCT00268476_Attard_STAMPEDE_Lancet'23,Type of Therapy,0.25,0.5,0.0,structured_text,Hormonal / endocrine therapy,"Abiraterone acetate plus prednisolone with or without enzalutamide for patients with metastatic prostate cancer starting androgen deprivation therapy (specifically, treatment arms: standard of care [a","The prediction contains information about specific drugs and regimens, which are related to hormonal therapy, but it's far more detailed than the general category provided in the GT. While the prediction *implies* hormonal therapy, it doesn't explicitly state it as the primary type of therapy. The G"
NCT00268476_Attard_STAMPEDE_Lancet'23,Trial,0.75,1.0,0.5,structured_text,STAMPEDE abiraterone trial STAMPEDE abiraterone + enzalutamide trial,Abiraterone trial,The prediction only identifies one of the two trials.
NCT00268476_Attard_STAMPEDE_Lancet'23,Control Arm,0.75,1.0,0.5,structured_text,"Standard of care (androgen deprivation therapy ± docetaxel, depending on protocol amendment)",Standard of care,"The prediction correctly identifies the core component of the control arm, 'Standard of care'. The GT provides more detail, but the prediction captures the essential information."
NCT00268476_James_STAMPEDE_IJC'22,Control Arm - N,0.75,0.5,1.0,numeric_tolerance,502 (SOC-alone),"n = 502, n = 501","The ground truth has one number (502). The prediction has two numbers (502, 501). The number 502 in the prediction matches the ground truth. However, the prediction also contains an incorrect number (501). Therefore, correctness is 0.5. The ground truth number 502 is captured in the prediction. Ther"
NCT00268476_James_STAMPEDE_IJC'22,Docetaxel administration - N (%) | Control,0.0,0.0,0.0,numeric_tolerance,,32%,"The ground truth is empty, but the prediction is ""32%"". Since one is empty and the other is not, both correctness and completeness are 0.0."
NCT00268476_James_STAMPEDE_IJC'22,Docetaxel administration - N (%) | Treatment,0.0,0.0,0.0,numeric_tolerance,,40%,"The ground truth is empty, but the prediction is ""40%"". Since one is empty and the other is not, both correctness and completeness are 0.0."
NCT00268476_James_STAMPEDE_IJC'22,Median Follow-Up Duration (mo),0.75,1.0,0.5,numeric_tolerance,73 months (6.1 years),73,"The ground truth contains two numbers: 73 and 6.1. The prediction contains only 73. The number 73 in the prediction matches the number 73 in the ground truth. Since only one of the two numbers in GT is captured in Pred, completeness is 0.5. Since the number in Pred matches a number in GT, correctnes"
NCT00268476_James_STAMPEDE_IJC'22,Adverse Events - N (%) | All-Cause Grade 3 or Higher | Treatment,0.0,0.0,0.0,numeric_tolerance,16% (at 4 years post-randomisation),20 (7%),"GT has ""16%"". Pred has ""20"" and ""7%"". ""20"" is not in GT. ""7%"" does not match ""16%""."
NCT00268476_James_STAMPEDE_IJC'22,Adverse Events - N (%) | Treatment-related Grade 5 | Control,0.0,0.0,0.0,numeric_tolerance,0 (no grade 4 or 5 at 2 years; grade 5 not reported; explicitly “no grade 4 or 5” at 2y),,"GT has ""0"". Pred is empty."
NCT00268476_James_STAMPEDE_IJC'22,Adverse Events - N (%) | All-Cause Grade 3 or Higher | Control,0.0,0.0,0.0,numeric_tolerance,16% (at 4 years post-randomisation),12 (9%),"GT has ""16%"". Pred has ""12"" and ""9%"". ""12"" is not in GT. ""9%"" does not match ""16%""."
NCT00268476_James_STAMPEDE_IJC'22,Adverse Events - N (%) | Treatment-related Grade 5 | Treatment,0.0,0.0,0.0,numeric_tolerance,0 (no grade 4 or 5 at 2 years; grade 5 not reported; explicitly “no grade 4 or 5” at 2y),,"GT has ""0"". Pred is empty."
NCT00268476_James_STAMPEDE_IJC'22,Median OS (mo) | Overall | Control,0.665,1.0,0.33,numeric_tolerance,"46 months (IQR 25, 92)",46,"The prediction '46' matches the GT '46'. Completeness: GT has three numbers (46, 25, 92), but Pred only captured one (46). Correctness: The predicted number (46) is correct."
NCT00268476_James_STAMPEDE_IJC'22,Median OS (mo) | Overall | Treatment,0.75,1.0,0.5,numeric_tolerance,"79 months (IQR 33, not reached)",79,"The prediction '79' matches the GT '79'. Completeness: GT has two numbers (79, 33), but Pred only captured one (79). Correctness: The predicted number (79) is correct."
NCT00268476_James_STAMPEDE_IJC'22,Mode of metastases - N (%) | Metachronous | Treatment,0.0,0.0,0.0,numeric_tolerance,,35 (7%),"GT is empty, and Pred has values. Therefore, correctness and completeness are both 0.0."
NCT00268476_James_STAMPEDE_IJC'22,Mode of metastases - N (%) | Metachronous | Control,0.0,0.0,0.0,numeric_tolerance,,27 (5%),"GT is empty, and Pred has values. Therefore, correctness and completeness are both 0.0."
NCT00268476_James_STAMPEDE_IJC'22,Mode of metastases - N (%) | Synchronous | Treatment,0.0,0.0,0.0,numeric_tolerance,,466 (93%),"GT is empty, and Pred has values. Therefore, correctness and completeness are both 0.0."
NCT00268476_James_STAMPEDE_IJC'22,Mode of metastases - N (%) | Synchronous | Control,0.0,0.0,0.0,numeric_tolerance,,475 (95%),"GT is empty, and Pred has values. Therefore, correctness and completeness are both 0.0."
NCT00268476_James_STAMPEDE_IJC'22,Full Pub or Abstract,0.0,0.0,0.0,exact_match,Full Pub,,"GT is ""Full Pub"" and Pred is empty. Empty is equivalent to ""Not reported"", which is different from ""Full Pub""."
NCT00268476_James_STAMPEDE_IJC'22,Quality of Life reported,0.0,0.0,0.0,exact_match,No,Yes,"GT is ""No"" and Pred is ""Yes"". These are direct opposites."
NCT00268476_James_STAMPEDE_IJC'22,Phase,0.0,0.0,0.0,exact_match,3.0,,"GT is ""3.0"" and Pred is empty. Empty is equivalent to ""Not reported"", which is different from ""3.0""."
NCT00268476_James_STAMPEDE_IJC'22,Original/Follow Up,0.0,0.0,0.0,exact_match,Follow Up,,"GT is ""Follow Up"" and Pred is empty. Empty is equivalent to ""Not reported"", which is different from ""Follow Up""."
NCT00268476_James_STAMPEDE_IJC'22,Author,0.0,0.0,0.0,exact_match,Nicholas D. James (et al.),,"GT is ""Nicholas D. James (et al.)"" and Pred is empty. Empty is equivalent to ""Not reported"", which is different from ""Nicholas D. James (et al.)""."
NCT00268476_James_STAMPEDE_IJC'22,Number of Arms Included,0.0,0.0,0.0,exact_match,2 (SOC-alone vs SOC + AAP),,"GT is ""2 (SOC-alone vs SOC + AAP)"" and Pred is empty. Empty is equivalent to ""Not reported"", which is different from ""2 (SOC-alone vs SOC + AAP)""."
NCT00268476_James_STAMPEDE_IJC'22,Reporting by prognostic groups - Y/N | Metachronous,0.0,0.0,0.0,exact_match,,Yes,"GT is empty and Pred is ""Yes"". Empty is equivalent to ""Not reported"", which is different from ""Yes""."
NCT00268476_James_STAMPEDE_IJC'22,NCT,0.0,0.0,0.0,exact_match,NCT00268476,,"GT is ""NCT00268476"" and Pred is empty. Empty is equivalent to ""Not reported"", which is different from ""NCT00268476""."
NCT00268476_James_STAMPEDE_IJC'22,Reporting by prognostic groups - Y/N | Synchronous,0.0,0.0,0.0,exact_match,,Yes,"GT is empty and Pred is ""Yes"". Empty is equivalent to ""Not reported"", which is different from ""Yes""."
NCT00268476_James_STAMPEDE_IJC'22,Reporting by prognostic groups - Y/N | High volume,0.0,0.0,0.0,exact_match,,Yes,"GT is empty and Pred is ""Yes"". Empty is equivalent to ""Not reported"", which is different from ""Yes""."
NCT00268476_James_STAMPEDE_IJC'22,Trial Name,0.0,0.0,0.0,exact_match,Abiraterone acetate plus prednisolone for metastatic patients starting hormone therapy: 5-year follow-up results from the STAMPEDE randomised trial,,"GT is ""Abiraterone acetate plus prednisolone for metastatic patients starting hormone therapy: 5-year follow-up results from the STAMPEDE randomised trial"" and Pred is empty. Empty is equivalent to ""Not reported"", which is different from ""Abiraterone acetate plus prednisolone for metastatic patients"
NCT00268476_James_STAMPEDE_IJC'22,Reporting by prognostic groups - Y/N | Low volume,0.0,0.0,0.0,exact_match,,Yes,"GT is empty and Pred is ""Yes"". Empty is equivalent to ""Not reported"", which is different from ""Yes""."
NCT00268476_James_STAMPEDE_IJC'22,Year,0.0,0.0,0.0,exact_match,2022,,"GT is ""2022"" and Pred is empty. Empty is equivalent to ""Not reported"", which is different from ""2022""."
NCT00268476_James_STAMPEDE_IJC'22,PFS Rate (%) | Overall | Control,0.0,0.0,0.0,numeric_tolerance,37% event-free at 5 years (95% CI 33–42),,"The GT contains four numbers (37, 95, 33, and 42), while the prediction is empty. Since one is empty, correctness and completeness are both 0."
NCT00268476_James_STAMPEDE_IJC'22,PFS Rate (%) | Overall | Treatment,0.0,0.0,0.0,numeric_tolerance,54% event-free at 5 years (95% CI 50–59),,"The GT contains four numbers (54, 95, 50, and 59), while the prediction is empty. Since one is empty, correctness and completeness are both 0."
NCT00268476_James_STAMPEDE_IJC'22,OS Rate (%) | Overall | Control,0.0,0.0,0.0,numeric_tolerance,41% alive at 5 years (95% CI 37–45),,"Since the prediction is empty and the ground truth is not, correctness = 0.0 and completeness = 0.0."
NCT00268476_James_STAMPEDE_IJC'22,OS Rate (%) | High volume | Control,0.0,0.0,0.0,numeric_tolerance,High-risk subgroup: 28% alive at 5 years (95% CI 22–34),,"Since the prediction is empty and the ground truth is not, correctness = 0.0 and completeness = 0.0."
NCT00268476_James_STAMPEDE_IJC'22,OS Rate (%) | Low volume | Treatment,0.0,0.0,0.0,numeric_tolerance,Low-risk subgroup: 72% alive at 5 years (95% CI 65–77),,"Since the prediction is empty and the ground truth is not, correctness = 0.0 and completeness = 0.0."
NCT00268476_James_STAMPEDE_IJC'22,OS Rate (%) | Overall | Treatment,0.0,0.0,0.0,numeric_tolerance,60% alive at 5 years (95% CI 55–64),,"Since the prediction is empty and the ground truth is not, correctness = 0.0 and completeness = 0.0."
NCT00268476_James_STAMPEDE_IJC'22,OS Rate (%) | High volume | Treatment,0.0,0.0,0.0,numeric_tolerance,High-risk subgroup: 49% alive at 5 years (95% CI 43–55),,"GT contains ""49"", ""43"", and ""55"". Pred is empty. Since one is empty, correctness and completeness are 0."
NCT00268476_James_STAMPEDE_IJC'22,OS Rate (%) | Low volume | Control,0.0,0.0,0.0,numeric_tolerance,Low-risk subgroup: 55% alive at 5 years (95% CI 48–61),,"GT contains ""55"", ""48"", and ""61"". Pred is empty. Since one is empty, correctness and completeness are 0."
NCT00268476_James_STAMPEDE_IJC'22,Column 1: Total Participants - N,0.0,0.0,0.0,numeric_tolerance,,,"The ground truth value is 1003, while the predicted value is 1917. These values are significantly different, exceeding the allowed tolerance. Therefore, the prediction is incorrect and incomplete."
NCT00268476_James_STAMPEDE_IJC'22,Treatment Arm - N,0.75,0.5,1.0,numeric_tolerance,501 (SOC + AAP),"Treatment Arm: SOC-alone group, N = 502; Treatment Arm: SOC + AAP group, N = 501","The ground truth contains one number (501). The prediction contains two numbers (502, 501). One of the predicted numbers (501) matches the ground truth number. Correctness: 0.5 (One number matches, but one is incorrect). Completeness: 1.0 (The GT number is present in the prediction)."
NCT00268476_James_STAMPEDE_IJC'22,Volume of disease - N (%) | High | Treatment,0.75,1.0,0.5,numeric_tolerance,High-risk (LATITUDE criteria) 241 (48%),241,The prediction only captured the count (241) but missed the percentage (48%).
NCT00268476_James_STAMPEDE_IJC'22,Volume of disease - N (%) | High | Control,0.75,1.0,0.5,numeric_tolerance,High-risk (LATITUDE criteria) 232 (46%),232,The prediction only captured the count (232) but missed the percentage (46%).
NCT00268476_James_STAMPEDE_IJC'22,Volume of disease - N (%) | Low | Control,0.75,1.0,0.5,numeric_tolerance,Low-risk (LATITUDE criteria) 220 (44%),220,The prediction only captured the count (220) but missed the percentage (44%).
NCT00268476_James_STAMPEDE_IJC'22,Class of Agent in Treatment Arm 1,0.25,0.5,0.0,structured_text,Androgen biosynthesis inhibitor (abiraterone) + corticosteroid (prednisolone/prednisone),Abiraterone acetate plus prednisolone,"The prediction only provides the drug names, not the class of agent. While the drugs are correct, the prediction misses the key information about the *class* of agent."
NCT00268476_James_STAMPEDE_IJC'22,COE_RCT_IND_OVERALL_RJ,0.0,0.0,0.0,structured_text,Yes (randomised 1:1 controlled trial),,The prediction is empty while the GT is not.
NCT00268476_James_STAMPEDE_IJC'22,Type of Therapy,0.5,0.5,0.5,structured_text,Hormonal / endocrine therapy (ADT backbone with androgen-axis targeting),Abiraterone acetate plus prednisolone; androgen deprivation therapy,"The prediction includes the drugs used (Abiraterone acetate plus prednisolone) and ADT. While ADT is related to hormonal/endocrine therapy, the prediction misses the more general classification. It also includes specific drugs when a broader type of therapy was expected."
NCT00268476_James_STAMPEDE_IJC'22,Trial,0.75,1.0,0.5,structured_text,STAMPEDE “abiraterone comparison” in metastatic (M1) patients,STAMPEDE randomised trial (NCT00268476),"The prediction correctly identifies the STAMPEDE trial. The NCT number is a valid identifier. The ""abiraterone comparison"" and ""metastatic (M1) patients"" are important details, but the core trial name is present."
NCT00268476_James_STAMPEDE_IJC'22,Treatment Arm 1 Regimen,0.25,0.5,0.0,structured_text,"Abiraterone acetate 1000 mg daily + prednisolone 5 mg daily, added to lifelong ADT; continued until progression",SOC-alone (standard-of-care - androgen deprivation therapy (ADT)),"The prediction only identifies the standard of care (SOC) which is ADT. It misses the key components of the regimen: abiraterone acetate and prednisolone, their dosages, and the continuation condition. The prediction is factually correct in identifying ADT as part of the regimen, but incomplete."
NCT00268476_James_STAMPEDE_IJC'22,Treatment Arm(s),0.75,1.0,0.5,structured_text,SOC + AAP (standard-of-care + abiraterone acetate + prednisolone/prednisone),"abiraterone acetate plus prednisolone, hormone therapy","The prediction identifies the key drugs (abiraterone acetate and prednisolone). It also correctly identifies them as hormone therapy. However, it misses the 'SOC' component."
NCT00268476_James_STAMPEDE_IJC'22,Treatment Class,0.0,0.0,0.0,structured_text,Androgen biosynthesis inhibitor + corticosteroid,"abiraterone acetate plus prednisolone, hormone therapy","The prediction lists the drugs but does not provide the correct classification. While abiraterone acetate is an androgen biosynthesis inhibitor and prednisolone is a corticosteroid, the prediction only states 'hormone therapy,' which is a broader and less specific classification."
NCT00309985_Kriayako_CHAARTED_JCO'18,Docetaxel administration - N (%) | Treatment,0.75,1.0,0.5,numeric_tolerance,397 (100%),397,The predicted number 397 matches the GT number 397. Completeness: 0.5 (One of the two GT numbers is captured)
NCT00309985_Kriayako_CHAARTED_JCO'18,Docetaxel administration - N (%) | Control,0.0,0.0,0.0,numeric_tolerance,0,,"The GT contains one number: 0. The Pred is empty. Since one is empty, correctness and completeness are 0.0"
NCT00309985_Kriayako_CHAARTED_JCO'18,Gleason score - N (%) | ≤ 7 | Treatment,0.0,0.0,0.0,numeric_tolerance,117 (29.5%),,"GT has two numbers (117, 29.5), Pred is empty. Therefore, correctness and completeness are 0."
NCT00309985_Kriayako_CHAARTED_JCO'18,Gleason score - N (%) | ≥ 8 | Treatment,0.0,0.0,0.0,numeric_tolerance,241 (60.7%),,"GT has two numbers (241, 60.7), Pred is empty. Therefore, correctness and completeness are 0."
NCT00309985_Kriayako_CHAARTED_JCO'18,Gleason score - N (%) | ≤ 7 | Control,0.0,0.0,0.0,numeric_tolerance,104 (26.4%),,"GT has two numbers (104, 26.4), Pred is empty. Therefore, correctness and completeness are 0."
NCT00309985_Kriayako_CHAARTED_JCO'18,Gleason score - N (%) | ≥ 8 | Control,0.0,0.0,0.0,numeric_tolerance,243 (61.8%),,"GT has two numbers (243, 61.8), Pred is empty. Therefore, correctness and completeness are 0."
NCT00309985_Kriayako_CHAARTED_JCO'18,Median Age (years) | Treatment,0.665,1.0,0.33,numeric_tolerance,64 (36–88),64,"GT contains three numbers: 64, 36, and 88. Pred contains one number: 64. The number 64 in Pred matches the number 64 in GT. Correctness: 1.0 (The only predicted number is correct) Completeness: 0.33 (One out of three GT numbers is captured)"
NCT00309985_Kriayako_CHAARTED_JCO'18,Median Age (years) | Control,0.665,1.0,0.33,numeric_tolerance,63 (39–91),63,"GT contains three numbers: 63, 39, and 91. Pred contains one number: 63. The number 63 in Pred matches the number 63 in GT. Correctness: 1.0 (The only predicted number is correct) Completeness: 0.33 (One out of three GT numbers is captured)"
NCT00309985_Kriayako_CHAARTED_JCO'18,Adverse Events - N (%) | All-Cause Grade 3 or Higher | Treatment,0.0,0.0,0.0,numeric_tolerance,29.6% (grade 3–5 combined),,"GT has one percentage value, while Pred is empty. Therefore, correctness and completeness are both 0."
NCT00309985_Kriayako_CHAARTED_JCO'18,Adverse Events - N (%) | Treatment-related Grade 5 | Treatment,0.0,0.0,0.0,numeric_tolerance,1 (0.3%),,"GT has two numbers (1 and 0.3%), while Pred is empty. Therefore, correctness and completeness are both 0."
NCT00309985_Kriayako_CHAARTED_JCO'18,Median On-Treatment Duration (mo) | Treatment,0.0,0.0,0.0,numeric_tolerance,Up to six cycles planned; median cycles = 6,,"GT contains the number 6. Pred is empty, so no numbers are extracted."
NCT00309985_Kriayako_CHAARTED_JCO'18,Column 6: Median OS (mo) | Low volume | Control,0.0,0.0,0.0,numeric_tolerance,,,"Since GT is empty, and Pred is not, correctness and completeness are 0."
NCT00309985_Kriayako_CHAARTED_JCO'18,Reporting by prognostic groups - Y/N | Metachronous,0.0,0.0,0.0,exact_match,Yes,,"Pred is empty, GT is not."
NCT00309985_Kriayako_CHAARTED_JCO'18,Quality of Life reported,0.0,0.0,0.0,exact_match,No,I'm unable to extract the desired value since the specific relevant chunk about quality of life reporting is missing from the provided text. Please refer to the full document or check if there's more ,"Pred is unable to extract, GT is not."
NCT00309985_Kriayako_CHAARTED_JCO'18,Reporting by prognostic groups - Y/N | Synchronous,0.0,0.0,0.0,exact_match,Yes (de novo vs prior local therapy analysed),,"Pred is empty, GT is not."
NCT00309985_Kriayako_CHAARTED_JCO'18,Trial Name,0.0,0.0,0.0,exact_match,CHAARTED (E3805) – Long-term survival analysis of chemohormonal therapy in metastatic hormone-sensitive prostate cancer,E3805 CHAARTED Trial,Not an exact match.
NCT00309985_Kriayako_CHAARTED_JCO'18,Author,0.0,0.0,0.0,exact_match,Kyriakopoulos CE et al.,"Christos E. Kyriakopoulos, Yu-Hui Chen, Michael A. Carducci, Glenn Liu, David F. Jarrard, Noah M. Hahn, Daniel H. Shevrin, Robert Dreicer, Maha Hussain, Mario Eisenberger, Manish Kohli, Elizabeth R. P",Not an exact match.
NCT00309985_Kriayako_CHAARTED_JCO'18,Mode of metastases - N (%) | Metachronous | Treatment,0.0,0.0,0.0,numeric_tolerance,Prior local therapy: 108 (27.2%),,The prediction is empty while the ground truth has numbers.
NCT00309985_Kriayako_CHAARTED_JCO'18,Mode of metastases - N (%) | Metachronous | Control,0.0,0.0,0.0,numeric_tolerance,Prior local therapy: 107 (27.2%),,The prediction is empty while the ground truth has numbers.
NCT00309985_Kriayako_CHAARTED_JCO'18,Column 1: PS - N (%) | 0 | Control,0.0,0.0,0.0,numeric_tolerance,,,"GT has numbers, Pred is empty."
NCT00309985_Kriayako_CHAARTED_JCO'18,Column 2: PS - N (%) | 1-2 | Treatment,0.0,0.0,0.0,numeric_tolerance,,,"GT has numbers, Pred is empty."
NCT00309985_Kriayako_CHAARTED_JCO'18,Column 3: PS - N (%) | 1-2 | Control,0.0,0.0,0.0,numeric_tolerance,,,"GT has numbers, Pred is empty."
NCT00309985_Kriayako_CHAARTED_JCO'18,Column 4: PS - N (%) | 0 | Treatment,0.0,0.0,0.0,numeric_tolerance,,,"GT has numbers, Pred is empty."
NCT00309985_Kriayako_CHAARTED_JCO'18,ORR - N (%) | Control | CR,0.0,0.0,0.0,numeric_tolerance,PSA < 0.2 ng/mL at 12 mo = 16.8%,,"GT has ""0.2"" and ""27.7"". Pred is empty. Correctness and completeness are 0.0."
NCT00309985_Kriayako_CHAARTED_JCO'18,ORR - N (%) | Treatment | CR,0.0,0.0,0.0,numeric_tolerance,PSA < 0.2 ng/mL at 12 mo = 27.7%,,"GT has ""0.2"" and ""27.7"". Pred is empty. Correctness and completeness are 0.0."
NCT00309985_Kriayako_CHAARTED_JCO'18,Race - N (%) | Unknown | Treatment,0.0,0.0,0.0,numeric_tolerance,10 (2.5%),,"GT has values, Pred is empty. Therefore, correctness and completeness are 0."
NCT00309985_Kriayako_CHAARTED_JCO'18,Race - N (%) | White | Control,0.0,0.0,0.0,numeric_tolerance,330 (84.0%),,"GT has values, Pred is empty. Therefore, correctness and completeness are 0."
NCT00309985_Kriayako_CHAARTED_JCO'18,Race - N (%) | Other | Treatment,0.0,0.0,0.0,numeric_tolerance,4 (1.0%),,"GT has values, Pred is empty. Therefore, correctness and completeness are 0."
NCT00309985_Kriayako_CHAARTED_JCO'18,Race - N (%) | Unknown | Control,0.0,0.0,0.0,numeric_tolerance,20 (5.1%),,"GT has values, Pred is empty. Therefore, correctness and completeness are 0."
NCT00309985_Kriayako_CHAARTED_JCO'18,Previous local therapy - N (%) | Radiotherapy | Treatment,0.0,0.0,0.0,numeric_tolerance,27 (6.8%),,"GT has numbers, Pred is empty."
NCT00309985_Kriayako_CHAARTED_JCO'18,Previous local therapy - N (%) | Prostatectomy | Treatment,0.0,0.0,0.0,numeric_tolerance,81 (20.4%),,"GT has numbers, Pred is empty."
NCT00309985_Kriayako_CHAARTED_JCO'18,Previous local therapy - N (%) | Radiotherapy | Control,0.0,0.0,0.0,numeric_tolerance,33 (8.4%),,"GT has numbers, Pred is empty."
NCT00309985_Kriayako_CHAARTED_JCO'18,Previous local therapy - N (%) | Prostatectomy | Control,0.0,0.0,0.0,numeric_tolerance,73 (18.6%),,"GT has numbers, Pred is empty."
NCT00309985_Kriayako_CHAARTED_JCO'18,Race - N (%) | Black or African American | Control,0.0,0.0,0.0,numeric_tolerance,37 (9.4%),,"GT has numbers, Pred is empty. Therefore, correctness and completeness are 0."
NCT00309985_Kriayako_CHAARTED_JCO'18,Race - N (%) | Other | Control,0.0,0.0,0.0,numeric_tolerance,6 (1.5%),,"GT has numbers, Pred is empty. Therefore, correctness and completeness are 0."
NCT00309985_Kriayako_CHAARTED_JCO'18,Race - N (%) | Black or African American | Treatment,0.0,0.0,0.0,numeric_tolerance,39 (9.8%),,"GT has numbers, Pred is empty. Therefore, correctness and completeness are 0."
NCT00309985_Kriayako_CHAARTED_JCO'18,Race - N (%) | White | Treatment,0.0,0.0,0.0,numeric_tolerance,344 (86.6%),,"GT has numbers, Pred is empty. Therefore, correctness and completeness are 0."
NCT00309985_Kriayako_CHAARTED_JCO'18,TTPSA (mo) | Control,0.0,0.0,0.0,numeric_tolerance,,11.7 (10.8 to 14.4),"Since the GT is empty and the prediction is not, both correctness and completeness are 0."
NCT00309985_Kriayako_CHAARTED_JCO'18,TTPSA (mo) | Treatment,0.0,0.0,0.0,numeric_tolerance,,19.4 (16.8 to 22.6),"Since the GT is empty and the prediction is not, both correctness and completeness are 0."
NCT00309985_Kriayako_CHAARTED_JCO'18,Treatment Arm - N,0.75,0.5,1.0,numeric_tolerance,397,ADT plus docetaxel: N = 397; ADT alone: N = 393,"The GT contains a single value (397). The Pred contains two values (397, 393). The GT value 397 is present in the Pred. However, the Pred also contains an extra value (393) that is not in the GT. Therefore, correctness is 0.5 because one of the predicted values matches the GT, but the other does not"
NCT00309985_Kriayako_CHAARTED_JCO'18,Volume of disease - N (%) | Low | Control,0.0,0.0,0.0,numeric_tolerance,143 (36.4%),,"Since the prediction is empty and the GT is not, correctness and completeness are 0."
NCT00309985_Kriayako_CHAARTED_JCO'18,COE_RCT_IND_OVERALL_RJ,0.0,0.0,0.0,structured_text,Yes,,"GT has a value, Pred is empty."
NCT00309985_Kriayako_CHAARTED_JCO'18,Trial,0.5,0.5,0.5,structured_text,CHAARTED (long-term JCO analysis),E3805 CHAARTED Trial,"Pred includes ""E3805"" which is not in GT, but also includes ""CHAARTED Trial"" which is related to the GT."
NCT00309985_Kriayako_CHAARTED_JCO'18,Treatment Arm 1 Regimen,0.75,1.0,0.5,structured_text,Docetaxel 75 mg/m² IV every 3 weeks for up to 6 cycles + continuous ADT,ADT plus docetaxel,"Pred captures the main components (ADT and docetaxel) but misses the dosage, schedule, and duration details."
NCT00309985_Kriayako_CHAARTED_JCO'18,Secondary Endpoint(s),0.5,0.5,0.5,structured_text,Time to CRPC; time to clinical progression; PSA response,"Secondary end points included time to development of CRPC, defined either serologically or clinically from the time of random assignment until PSA progression, development of worsening symptoms, evide","The prediction includes ""time to CRPC"" and ""time to clinical progression"" (implied within the longer description). ""PSA response"" is not explicitly mentioned, but ""PSA progression"" is, which is related. The prediction provides a more detailed definition of clinical progression, which is acceptable."
NCT00309985_Kriayako_CHAARTED_JCO'18,Treatment Class,0.5,0.5,0.5,structured_text,Chemotherapy (taxane),chemohormonal therapy (ADT + docetaxel) and androgen deprivation therapy (ADT) alone,The GT specifies chemotherapy of the taxane class. The prediction includes chemohormonal therapy which includes chemotherapy. ADT alone is not chemotherapy.
NCT00309985_Kriayako_CHAARTED_JCO'18,Class of Agent in Treatment Arm 1,0.0,0.0,0.0,structured_text,Cytotoxic chemotherapy (taxane – docetaxel),,Prediction is empty while GT is not.
NCT00309985_Kriayako_CHAARTED_JCO'18,Treatment Arm(s),0.75,0.5,1.0,structured_text,ADT + docetaxel,"ADT in combination with docetaxel, ADT alone","The GT specifies one treatment arm. The prediction includes the correct arm, but also includes another arm."
NCT00309985_Kriayako_CHAARTED_JCO'18,Type of Therapy,0.75,0.5,1.0,structured_text,Chemohormonal therapy (ADT + docetaxel),ADT (androgen-deprivation therapy) in combination with docetaxel versus ADT alone,"The GT specifies chemohormonal therapy. The prediction specifies ADT + docetaxel, which is chemohormonal therapy, and also ADT alone."
NCT00309985_Sweeney_CHAARTED_NEJM'15,Docetaxel administration - N (%) | Treatment,0.5,0.5,0.5,numeric_tolerance,397 (100%),86% of the 390 patients,"GT has 397 and 100. Pred has 86 and 390. 397 and 390 are within the tolerance of +/- 0.1. 100 and 86 are not within the tolerance of +/- 2%. Therefore, some predicted numbers match, some don't."
NCT00309985_Sweeney_CHAARTED_NEJM'15,Docetaxel administration - N (%) | Control,0.0,0.0,0.0,numeric_tolerance,0,"137 patients of these patients had received docetaxel for castration-resistant prostate cancer, and another 10 patients had received docetaxel before castration resistance was confirmed",GT has 0. Pred has 137 and 10. No predicted numbers match GT.
NCT00309985_Sweeney_CHAARTED_NEJM'15,Median Age (years) | Control,0.75,1.0,0.5,numeric_tolerance,63 (39–91),63,"GT contains three numbers: 63, 39, and 91. Pred contains one number: 63. The predicted number 63 matches the GT number 63. Correctness: Since the predicted number matches a GT number, and there are no extra incorrect numbers, correctness is 1.0. Completeness: Only one of the three GT numbers is capt"
NCT00309985_Sweeney_CHAARTED_NEJM'15,Median Age (years) | Treatment,0.75,1.0,0.5,numeric_tolerance,64 (36–88),64,"GT contains three numbers: 64, 36, and 88. Pred contains one number: 64. The predicted number 64 matches the GT number 64. Correctness: Since the predicted number matches a GT number, and there are no extra incorrect numbers, correctness is 1.0. Completeness: Only one of the three GT numbers is capt"
NCT00309985_Sweeney_CHAARTED_NEJM'15,Gleason score - N (%) | ≥ 8 | Control,0.75,1.0,0.5,numeric_tolerance,243 (61.8%),243,The prediction only captured the count (243) but missed the percentage (61.8%).
NCT00309985_Sweeney_CHAARTED_NEJM'15,Gleason score - N (%) | ≤ 7 | Control,0.75,1.0,0.5,numeric_tolerance,104 (26.4%),104,The prediction only captured the count (104) but missed the percentage (26.4%).
NCT00309985_Sweeney_CHAARTED_NEJM'15,Gleason score - N (%) | ≤ 7 | Treatment,0.75,1.0,0.5,numeric_tolerance,117 (29.5%),117,The prediction only captured the count (117) but missed the percentage (29.5%).
NCT00309985_Sweeney_CHAARTED_NEJM'15,Gleason score - N (%) | ≥ 8 | Treatment,0.75,1.0,0.5,numeric_tolerance,241 (60.7%),241,The prediction only captured the count (241) but missed the percentage (60.7%).
NCT00309985_Sweeney_CHAARTED_NEJM'15,Adverse Events - N (%) | Treatment-related Grade 3 or Higher | Treatment,0.0,0.0,0.0,numeric_tolerance,16.7% grade 3 + 12.6% grade 4,115 (29.5%),GT has two percentage values: 16.7% and 12.6%. Pred has one count and one percentage value: 115 and 29.5%. None of the GT percentages match the predicted percentage.
NCT00309985_Sweeney_CHAARTED_NEJM'15,Column 2: Median On-Treatment Duration (mo) | Treatment,0.0,0.0,0.0,numeric_tolerance,,,"GT contains two numbers: 6 and 86. Pred is empty, so no numbers are captured."
NCT00309985_Sweeney_CHAARTED_NEJM'15,Trial Name,0.0,0.0,0.0,exact_match,CHAARTED (E3805) – Chemohormonal therapy in metastatic hormone-sensitive prostate cancer,E3805 study,The trial names are not an exact match.
NCT00309985_Sweeney_CHAARTED_NEJM'15,Author,0.0,0.0,0.0,exact_match,Sweeney CJ et al.,"Christopher J. Sweeney, M.B., B.S., Yu-Hui Chen, M.S., M.P.H., et al.",The author names are not an exact match.
NCT00309985_Sweeney_CHAARTED_NEJM'15,Quality of Life reported,0.0,0.0,0.0,exact_match,No,,"GT is ""No"" and Pred is empty, which is equivalent to ""Not reported"". These are not equivalent."
NCT00309985_Sweeney_CHAARTED_NEJM'15,ORR - N (%) | Treatment | CR,0.0,0.0,0.0,numeric_tolerance,PSA < 0.2 ng/mL at 12 mo: 27.7%,,"GT has ""27.7%"" and Pred is empty. Therefore, no numbers in GT are captured in Pred."
NCT00309985_Sweeney_CHAARTED_NEJM'15,ORR - N (%) | Control | CR,0.0,0.0,0.0,numeric_tolerance,PSA < 0.2 ng/mL at 12 mo: 16.8%,,"GT has ""16.8"" and Pred is empty."
NCT00309985_Sweeney_CHAARTED_NEJM'15,PS - N (%) | 0 | Control,0.0,0.0,0.0,numeric_tolerance,272 (69.2%),,"GT has numbers, Pred is empty. Therefore, correctness and completeness are 0."
NCT00309985_Sweeney_CHAARTED_NEJM'15,PS - N (%) | 0 | Treatment,0.0,0.0,0.0,numeric_tolerance,277 (69.8%),,"GT has numbers, Pred is empty. Therefore, correctness and completeness are 0."
NCT00309985_Sweeney_CHAARTED_NEJM'15,PS - N (%) | 1-2 | Control,0.0,0.0,0.0,numeric_tolerance,121 (30.8%),,"GT has numbers, Pred is empty. Therefore, correctness and completeness are 0."
NCT00309985_Sweeney_CHAARTED_NEJM'15,PS - N (%) | 1-2 | Treatment,0.0,0.0,0.0,numeric_tolerance,120 (30.2%),,"GT has numbers, Pred is empty. Therefore, correctness and completeness are 0."
NCT00309985_Sweeney_CHAARTED_NEJM'15,Race - N (%) | Unknown | Treatment,0.75,1.0,0.5,numeric_tolerance,10 (2.5%),10,"GT has two numbers (10 and 2.5), Pred has one number (10). 10 matches. 2.5 is missing."
NCT00309985_Sweeney_CHAARTED_NEJM'15,Race - N (%) | Other | Control,0.75,1.0,0.5,numeric_tolerance,6 (1.5%),6,"GT has two numbers (6 and 1.5), Pred has one number (6). 6 matches. 1.5 is missing."
NCT00309985_Sweeney_CHAARTED_NEJM'15,Race - N (%) | Black or African American | Control,0.75,1.0,0.5,numeric_tolerance,37 (9.4%),37,"GT has two numbers (37 and 9.4), Pred has one number (37). 37 matches. 9.4 is missing."
NCT00309985_Sweeney_CHAARTED_NEJM'15,Race - N (%) | Unknown | Control,0.75,1.0,0.5,numeric_tolerance,20 (5.1%),20,"GT has two numbers (20 and 5.1), Pred has one number (20). 20 matches. 5.1 is missing."
NCT00309985_Sweeney_CHAARTED_NEJM'15,Race - N (%) | White | Treatment,0.75,1.0,0.5,numeric_tolerance,344 (86.6%),344,"GT has two numbers: 344 and 86.6. Pred has only 344. The predicted number matches the ground truth number. However, the percentage is missing."
NCT00309985_Sweeney_CHAARTED_NEJM'15,Race - N (%) | Other | Treatment,0.75,1.0,0.5,numeric_tolerance,4 (1.0%),4,"GT has two numbers: 4 and 1.0. Pred has only 4. The predicted number matches the ground truth number. However, the percentage is missing."
NCT00309985_Sweeney_CHAARTED_NEJM'15,Race - N (%) | Black or African American | Treatment,0.75,1.0,0.5,numeric_tolerance,39 (9.8%),39,"GT has two numbers: 39 and 9.8. Pred has only 39. The predicted number matches the ground truth number. However, the percentage is missing."
NCT00309985_Sweeney_CHAARTED_NEJM'15,Race - N (%) | White | Control,0.75,1.0,0.5,numeric_tolerance,330 (84.0%),330,"GT has two numbers: 330 and 84.0. Pred has only 330. The predicted number matches the ground truth number. However, the percentage is missing."
NCT00309985_Sweeney_CHAARTED_NEJM'15,TTPSA (mo) | Treatment,0.0,0.0,0.0,numeric_tolerance,,20.2,"Since the GT is empty and the prediction is not, both correctness and completeness are 0."
NCT00309985_Sweeney_CHAARTED_NEJM'15,TTPSA (mo) | Control,0.0,0.0,0.0,numeric_tolerance,,11.7,"Since the GT is empty and the prediction is not, both correctness and completeness are 0."
NCT00309985_Sweeney_CHAARTED_NEJM'15,Previous local therapy - N (%) | Radiotherapy | Control,0.75,1.0,0.5,numeric_tolerance,33 (8.4%),33,"GT contains two numbers: 33 and 8.4. Pred contains only 33. 33 matches. 8.4 is missing. Correctness: 33 in Pred matches 33 in GT, but Pred is missing 8.4. Thus, correctness is 1.0 since the predicted number is correct. Completeness: GT has two numbers (33 and 8.4), but Pred only captures 33. Thus, c"
NCT00309985_Sweeney_CHAARTED_NEJM'15,Previous local therapy - N (%) | Radiotherapy | Treatment,0.75,1.0,0.5,numeric_tolerance,27 (6.8%),27,"GT contains two numbers: 27 and 6.8. Pred contains only 27. 27 matches. 6.8 is missing. Correctness: 27 in Pred matches 27 in GT, but Pred is missing 6.8. Thus, correctness is 1.0 since the predicted number is correct. Completeness: GT has two numbers (27 and 6.8), but Pred only captures 27. Thus, c"
NCT00309985_Sweeney_CHAARTED_NEJM'15,Previous local therapy - N (%) | Prostatectomy | Treatment,0.75,1.0,0.5,numeric_tolerance,81 (20.4%),81,"GT contains two numbers: 81 and 20.4. Pred contains only 81. 81 matches. 20.4 is missing. Correctness: 81 in Pred matches 81 in GT, but Pred is missing 20.4. Thus, correctness is 1.0 since the predicted number is correct. Completeness: GT has two numbers (81 and 20.4), but Pred only captures 81. Thu"
NCT00309985_Sweeney_CHAARTED_NEJM'15,Previous local therapy - N (%) | Prostatectomy | Control,0.75,1.0,0.5,numeric_tolerance,73 (18.6%),73,"GT contains two numbers: 73 and 18.6. Pred contains only 73. 73 matches. 18.6 is missing. Correctness: 73 in Pred matches 73 in GT, but Pred is missing 18.6. Thus, correctness is 1.0 since the predicted number is correct. Completeness: GT has two numbers (73 and 18.6), but Pred only captures 73. Thu"
NCT00309985_Sweeney_CHAARTED_NEJM'15,Add-on Treatment,0.0,0.0,0.0,structured_text,Docetaxel,docetaxel,"LLM call failed: 429 RESOURCE_EXHAUSTED. {'error': {'code': 429, 'message': 'Resource exhausted. Please try again later. Please refer to https://cloud.google.com/vertex-ai/generative-ai/docs/error-code-429 for more details.', 'status': 'RESOURCE_EXHAUSTED'}}"
NCT00309985_Sweeney_CHAARTED_NEJM'15,Primary Endpoint(s),0.0,0.0,0.0,structured_text,Overall survival,"The primary objective was ""to test the hypothesis that the median overall survival would be 33.3% longer among patients receiving docetaxel added to ADT early during therapy than among patients receiv","LLM call failed: 429 RESOURCE_EXHAUSTED. {'error': {'code': 429, 'message': 'Resource exhausted. Please try again later. Please refer to https://cloud.google.com/vertex-ai/generative-ai/docs/error-code-429 for more details.', 'status': 'RESOURCE_EXHAUSTED'}}"
NCT00309985_Sweeney_CHAARTED_NEJM'15,Treatment Arm 1 Regimen,0.0,0.0,0.0,structured_text,Docetaxel 75 mg/m² IV every 3 weeks × 6 cycles + ADT,,"LLM call failed: 429 RESOURCE_EXHAUSTED. {'error': {'code': 429, 'message': 'Resource exhausted. Please try again later. Please refer to https://cloud.google.com/vertex-ai/generative-ai/docs/error-code-429 for more details.', 'status': 'RESOURCE_EXHAUSTED'}}"
NCT00309985_Sweeney_CHAARTED_NEJM'15,Treatment Arm(s),0.0,0.0,0.0,structured_text,ADT + docetaxel,"ADT plus docetaxel, ADT alone","LLM call failed: 429 RESOURCE_EXHAUSTED. {'error': {'code': 429, 'message': 'Resource exhausted. Please try again later. Please refer to https://cloud.google.com/vertex-ai/generative-ai/docs/error-code-429 for more details.', 'status': 'RESOURCE_EXHAUSTED'}}"
NCT00309985_Sweeney_CHAARTED_NEJM'15,Treatment Class,0.0,0.0,0.0,structured_text,Chemotherapy (taxane),,"LLM call failed: 429 RESOURCE_EXHAUSTED. {'error': {'code': 429, 'message': 'Resource exhausted. Please try again later. Please refer to https://cloud.google.com/vertex-ai/generative-ai/docs/error-code-429 for more details.', 'status': 'RESOURCE_EXHAUSTED'}}"
NCT00309985_Sweeney_CHAARTED_NEJM'15,Quality of Life Scale,0.0,0.0,0.0,structured_text,,,"LLM call failed: 429 RESOURCE_EXHAUSTED. {'error': {'code': 429, 'message': 'Resource exhausted. Please try again later. Please refer to https://cloud.google.com/vertex-ai/generative-ai/docs/error-code-429 for more details.', 'status': 'RESOURCE_EXHAUSTED'}}"
NCT00309985_Sweeney_CHAARTED_NEJM'15,Secondary Endpoint(s),0.0,0.0,0.0,structured_text,Time to castration-resistant prostate cancer; time to clinical progression; PSA response; safety,"The median time to biochemical, symptomatic, or radiographic progression was 20.2 months in the combination group, as compared with 11.7 months in the ADT-alone group (hazard ratio, 0.61; 95% CI, 0.51","LLM call failed: 429 RESOURCE_EXHAUSTED. {'error': {'code': 429, 'message': 'Resource exhausted. Please try again later. Please refer to https://cloud.google.com/vertex-ai/generative-ai/docs/error-code-429 for more details.', 'status': 'RESOURCE_EXHAUSTED'}}"
NCT00309985_Sweeney_CHAARTED_NEJM'15,Trial,0.0,0.0,0.0,structured_text,CHAARTED,E3805 study,"LLM call failed: 429 RESOURCE_EXHAUSTED. {'error': {'code': 429, 'message': 'Resource exhausted. Please try again later. Please refer to https://cloud.google.com/vertex-ai/generative-ai/docs/error-code-429 for more details.', 'status': 'RESOURCE_EXHAUSTED'}}"
NCT00309985_Sweeney_CHAARTED_NEJM'15,COE_RCT_IND_OVERALL_RJ,0.0,0.0,0.0,structured_text,Yes,,"LLM call failed: 429 RESOURCE_EXHAUSTED. {'error': {'code': 429, 'message': 'Resource exhausted. Please try again later. Please refer to https://cloud.google.com/vertex-ai/generative-ai/docs/error-code-429 for more details.', 'status': 'RESOURCE_EXHAUSTED'}}"
NCT00309985_Sweeney_CHAARTED_NEJM'15,Class of Agent in Treatment Arm 1,0.0,0.0,0.0,structured_text,Cytotoxic chemotherapy (taxane – docetaxel),Chemotherapy and Hormonal Therapy,"LLM call failed: 429 RESOURCE_EXHAUSTED. {'error': {'code': 429, 'message': 'Resource exhausted. Please try again later. Please refer to https://cloud.google.com/vertex-ai/generative-ai/docs/error-code-429 for more details.', 'status': 'RESOURCE_EXHAUSTED'}}"
NCT00309985_Sweeney_CHAARTED_NEJM'15,Type of Therapy,0.0,0.0,0.0,structured_text,Chemohormonal therapy (ADT + chemotherapy),"ADT plus docetaxel (at a dose of 75 mg per square meter of body-surface area every 3 weeks for six cycles), ADT alone","LLM call failed: 429 RESOURCE_EXHAUSTED. {'error': {'code': 429, 'message': 'Resource exhausted. Please try again later. Please refer to https://cloud.google.com/vertex-ai/generative-ai/docs/error-code-429 for more details.', 'status': 'RESOURCE_EXHAUSTED'}}"
NCT00309985_Sweeney_CHAARTED_NEJM'15,Control Arm,0.0,0.0,0.0,structured_text,ADT alone,ADT alone,"LLM call failed: 429 RESOURCE_EXHAUSTED. {'error': {'code': 429, 'message': 'Resource exhausted. Please try again later. Please refer to https://cloud.google.com/vertex-ai/generative-ai/docs/error-code-429 for more details.', 'status': 'RESOURCE_EXHAUSTED'}}"
NCT00309985_Sweeney_CHAARTED_NEJM'15,Treatment Arm - N,0.75,0.5,1.0,numeric_tolerance,397,"397, 393","The ground truth has one number (397). The prediction has two numbers (397, 393). One of the predicted numbers (397) matches the ground truth. Since the prediction contains an extra number that is not in the ground truth, the correctness is 0.5. The completeness is 1.0 because the ground truth numbe"
NCT02799602_Hussain_ARASENS_JCO'23,Docetaxel administration - N (%) | Treatment,0.0,0.0,0.0,numeric_tolerance,All patients received docetaxel (100%),651,The predicted number 651 does not match the GT number 100.
NCT02799602_Hussain_ARASENS_JCO'23,Docetaxel administration - N (%) | Control,0.0,0.0,0.0,numeric_tolerance,All patients received docetaxel (100%),651,The predicted number 651 does not match the GT number 100.
NCT02799602_Hussain_ARASENS_JCO'23,Median Age (years) | Control,0.5,1.0,0.0,numeric_tolerance,High-volume: 67.0 (44–86) Low-volume: 67.5 (42–81) High-risk: 67.0 (44–86) Low-risk: 67.0 (42–85),67.0,The predicted value 67.0 appears in the GT. Correctness: 1.0 (The predicted number matches a number in GT). Completeness: 0.0 (Only one of the numbers in GT is captured in Pred).
NCT02799602_Hussain_ARASENS_JCO'23,Median Age (years) | Treatment,0.5,1.0,0.0,numeric_tolerance,High-volume: 67.0 (range 41–89) Low-volume: 67.0 (41–84) High-risk: 67.0 (41–86) Low-risk: 67.0 (41–89),67.0,The predicted value 67.0 appears in the GT. Correctness: 1.0 (The predicted number matches a number in GT). Completeness: 0.0 (Only one of the numbers in GT is captured in Pred).
NCT02799602_Hussain_ARASENS_JCO'23,Adverse Events - N (%) | All-Cause Grade 3 or Higher | Treatment,0.0,0.0,0.0,numeric_tolerance,High-volume: 64.9% (grade 3 or 4 AEs) Low-volume: 70.1% (grade 3 or 4 AEs),458,GT contains two percentages: 64.9 and 70.1. Pred contains the number 458. None of the predicted numbers match the ground truth numbers.
NCT02799602_Hussain_ARASENS_JCO'23,Adverse Events - N (%) | All-Cause Grade 3 or Higher | Control,0.0,0.0,0.0,numeric_tolerance,High-volume: 64.2% (grade 3 or 4 AEs) Low-volume: 61.1% (grade 3 or 4 AEs),439,GT contains two percentages: 64.2 and 61.1. Pred contains the number 439. None of the predicted numbers match the ground truth numbers.
NCT02799602_Hussain_ARASENS_JCO'23,Gleason score - N (%) | ≥ 8 | Treatment,0.0,0.0,0.0,numeric_tolerance,High-volume: 381 (76.7) Low-volume: 124 (80.5) High-risk: 428 (94.7) Low-risk: 77 (38.7),,"GT contains the numbers 381, 76.7, 124, 80.5, 428, 94.7, 77, and 38.7. Pred is empty. Since one is empty, correctness and completeness are 0."
NCT02799602_Hussain_ARASENS_JCO'23,Gleason score - N (%) | ≤ 7 | Control,0.0,0.0,0.0,numeric_tolerance,High-volume: 87 (17.1) Low-volume: 31 (21.2) High-risk: 16 (3.5) Low-risk: 102 (52.6),,"GT contains the numbers 87, 17.1, 31, 21.2, 16, 3.5, 102, and 52.6. Pred is empty. Since one is empty, correctness and completeness are 0."
NCT02799602_Hussain_ARASENS_JCO'23,Gleason score - N (%) | ≥ 8 | Control,0.0,0.0,0.0,numeric_tolerance,High-volume: 403 (79.3) Low-volume: 113 (77.4) High-risk: 440 (95.7) Low-risk: 76 (39.2),,"GT contains the numbers 403, 79.3, 113, 77.4, 440, 95.7, 76, and 39.2. Pred is empty. Since one is empty, correctness and completeness are 0."
NCT02799602_Hussain_ARASENS_JCO'23,Gleason score - N (%) | ≤ 7 | Treatment,0.0,0.0,0.0,numeric_tolerance,High-volume: 96 (19.3) Low-volume: 26 (16.9) High-risk: 16 (3.5) Low-risk: 106 (53.3),,"GT contains the numbers 96, 19.3, 26, 16.9, 16, 3.5, 106, and 53.3. Pred is empty. Since one is empty, correctness and completeness are 0."
NCT02799602_Hussain_ARASENS_JCO'23,Median On-Treatment Duration (mo) | Control,0.0,0.0,0.0,numeric_tolerance,High-volume: 15.3 months (placebo) Low-volume: 26.5 months (placebo) High-risk: 15.2 months (placebo) Low-risk: 22.5 months (placebo),,"GT contains four numbers: 15.3, 26.5, 15.2, and 22.5. Pred is empty. Since one is empty, correctness and completeness are 0."
NCT02799602_Hussain_ARASENS_JCO'23,Median On-Treatment Duration (mo) | Treatment,0.5,1.0,0.0,numeric_tolerance,High-volume: 32.9 months (darolutamide) Low-volume: 43.6 months (darolutamide) High-risk: 33.1 months (darolutamide) Low-risk: 43.3 months (darolutamide),41,"GT contains four numbers: 32.9, 43.6, 33.1, and 43.3. Pred contains one number: 41. 41 is within tolerance of 43.6 and 43.3. correctness: 1/1 = 1.0, since the predicted number is close to at least one GT number. completeness: 1/4 = 0.25, rounded to 0.0 since only one GT number is captured."
NCT02799602_Hussain_ARASENS_JCO'23,Trial Name,0.0,0.0,0.0,exact_match,ARASENS (subgroup analysis: disease volume/risk subgroups),ARASENS,Not an exact match.
NCT02799602_Hussain_ARASENS_JCO'23,Original/Follow Up,0.0,0.0,0.0,exact_match,Follow Up,original report,Not equivalent.
NCT02799602_Hussain_ARASENS_JCO'23,Number of Arms Included,0.0,0.0,0.0,exact_match,2 arms (darolutamide vs placebo; both with ADT + docetaxel),2,Not an exact match.
NCT02799602_Hussain_ARASENS_JCO'23,Quality of Life reported,0.0,0.0,0.0,exact_match,YesYes (pain + symptom/physical-function instruments listed as secondary endpoints),time to worsening of disease-related physical symptoms as measured by the Functional Assessment of Cancer Therapy–Prostate (National Comprehensive Cancer Network) symptom index 17-item questionnaire,Not equivalent.
NCT02799602_Hussain_ARASENS_JCO'23,Median OS (mo) | Overall | Control,0.0,0.0,0.0,numeric_tolerance,,42.4,"GT is empty, and Pred has a numeric value."
NCT02799602_Hussain_ARASENS_JCO'23,Median OS (mo) | Overall | Treatment,0.0,0.0,0.0,numeric_tolerance,,NE,"GT is empty, and Pred has a non-numeric value."
NCT02799602_Hussain_ARASENS_JCO'23,2,0.0,0.0,0.0,numeric_tolerance,,,"GT is empty, but Pred has a value."
NCT02799602_Hussain_ARASENS_JCO'23,3,0.0,0.0,0.0,numeric_tolerance,,,"GT is empty, but Pred has a value."
NCT02799602_Hussain_ARASENS_JCO'23,4,0.0,0.0,0.0,numeric_tolerance,,,"GT is empty, but Pred has a value."
NCT02799602_Hussain_ARASENS_JCO'23,Metastases - N (%) | Bone | Treatment,0.0,0.0,0.0,numeric_tolerance,,517,"GT is empty, and Pred has a value. Therefore, correctness and completeness are both 0.0."
NCT02799602_Hussain_ARASENS_JCO'23,Metastases - N (%) | Nodal | Control,0.0,0.0,0.0,numeric_tolerance,,23,"Since the GT is empty and the prediction is not, both correctness and completeness are 0."
NCT02799602_Hussain_ARASENS_JCO'23,Metastases - N (%) | Nodal | Treatment,0.0,0.0,0.0,numeric_tolerance,,23,"Since the GT is empty and the prediction is not, both correctness and completeness are 0."
NCT02799602_Hussain_ARASENS_JCO'23,OS Rate (%) | High volume | Control,0.0,0.0,0.0,numeric_tolerance,,Approximately 45-50%,"GT is empty, and Pred contains numbers. Therefore, correctness and completeness are both 0.0."
NCT02799602_Hussain_ARASENS_JCO'23,OS Rate (%) | Low volume | Control,0.0,0.0,0.0,numeric_tolerance,,Approximately 75-80%,"GT is empty, and Pred contains numbers. Therefore, correctness and completeness are both 0.0."
NCT02799602_Hussain_ARASENS_JCO'23,OS Rate (%) | High volume | Treatment,0.0,0.0,0.0,numeric_tolerance,,Approximately 60-65%,"GT is empty, and Pred contains numbers. Therefore, correctness and completeness are both 0.0."
NCT02799602_Hussain_ARASENS_JCO'23,OS Rate (%) | Overall | Control,0.0,0.0,0.0,numeric_tolerance,,Approximately 45-50%,"GT is empty, and Pred has a value. Therefore, correctness and completeness are both 0.0."
NCT02799602_Hussain_ARASENS_JCO'23,OS Rate (%) | Overall | Treatment,0.0,0.0,0.0,numeric_tolerance,,Approximately 60-65%,"GT is empty, and Pred has a value. Therefore, correctness and completeness are both 0.0."
NCT02799602_Hussain_ARASENS_JCO'23,OS Rate (%) | Low volume | Treatment,0.0,0.0,0.0,numeric_tolerance,,Approximately 85-90%,"GT is empty, and Pred has a value. Therefore, correctness and completeness are both 0.0."
NCT02799602_Hussain_ARASENS_JCO'23,Mode of metastases - N (%) | Synchronous | Treatment,0.0,0.0,0.0,numeric_tolerance,High-volume: 432 (86.9) Low-volume: 126 (81.8) High-risk: 416 (92.0) Low-risk: 142 (71.4),558 (85.7%),"The prediction contains two numbers, 558 and 85.7. Neither of these numbers are present in the GT."
NCT02799602_Hussain_ARASENS_JCO'23,Mode of metastases - N (%) | Metachronous | Treatment,0.5,0.5,0.5,numeric_tolerance,High-volume: 58 (11.7) Low-volume: 28 (18.2) High-risk: 33 (7.3) Low-risk: 53 (26.6),86 (13.2%),"The prediction contains two numbers, 86 and 13.2. 13.2 is within tolerance of 11.7 and 18.2. 86 is not present in the GT."
NCT02799602_Hussain_ARASENS_JCO'23,Mode of metastases - N (%) | Metachronous | Control,0.5,0.5,0.5,numeric_tolerance,High-volume: 59 (11.6) Low-volume: 23 (15.8) High-risk: 39 (8.5) Low-risk: 43 (22.2),82 (12.5%),"The prediction contains two numbers, 82 and 12.5. 12.5 is within tolerance of 11.6 and 15.8. 82 is not present in the GT."
NCT02799602_Hussain_ARASENS_JCO'23,Mode of metastases - N (%) | Synchronous | Control,0.5,0.5,0.5,numeric_tolerance,High-volume: 445 (87.6) Low-volume: 121 (82.9) High-risk: 419 (91.1) Low-risk: 147 (75.8),566 (86.5%),"The prediction contains two numbers, 566 and 86.5. 86.5 is within tolerance of 87.6 and 82.9. 566 is not present in the GT."
NCT02799602_Hussain_ARASENS_JCO'23,PS - N (%) | 0 | Treatment,0.0,0.0,0.0,numeric_tolerance,High-volume: 343 (69.0) Low-volume: 123 (79.9) High-risk: 317 (70.1) Low-risk: 149 (74.9),466,"The prediction only contains one number, 466, which does not match any of the numbers in the ground truth within the allowed tolerance."
NCT02799602_Hussain_ARASENS_JCO'23,PS - N (%) | 1-2 | Control,0.0,0.0,0.0,numeric_tolerance,High-volume: 157 (30.9) Low-volume: 33 (22.6) High-risk: 140 (30.4) Low-risk: 50 (25.8),190,"The prediction only contains one number, 190, which does not match any of the numbers in the ground truth within the allowed tolerance."
NCT02799602_Hussain_ARASENS_JCO'23,PS - N (%) | 0 | Control,0.0,0.0,0.0,numeric_tolerance,High-volume: 349 (68.7) Low-volume: 113 (77.4) High-risk: 318 (69.1) Low-risk: 144 (74.2),462,"The prediction only contains one number, 462, which does not match any of the numbers in the ground truth within the allowed tolerance."
NCT02799602_Hussain_ARASENS_JCO'23,PS - N (%) | 1-2 | Treatment,0.0,0.0,0.0,numeric_tolerance,High-volume: 154 (31.0) Low-volume: 31 (20.1) High-risk: 135 (29.9) Low-risk: 50 (25.1),185,"The prediction only contains one number, 185, which does not match any of the numbers in the ground truth within the allowed tolerance."
NCT02799602_Hussain_ARASENS_JCO'23,Region - N (%) | Asia | Treatment,0.0,0.0,0.0,numeric_tolerance,,36,"GT is empty, but Pred has a value."
NCT02799602_Hussain_ARASENS_JCO'23,Region - N (%) | North America | Treatment,0.0,0.0,0.0,numeric_tolerance,,203,"GT is empty, but Pred has a value."
NCT02799602_Hussain_ARASENS_JCO'23,Region - N (%) | Asia | Control,0.0,0.0,0.0,numeric_tolerance,,46,"GT is empty, but Pred has a value."
NCT02799602_Hussain_ARASENS_JCO'23,Region - N (%) | North America | Control,0.0,0.0,0.0,numeric_tolerance,,268,"GT is empty, but Pred has a value."
NCT02799602_Hussain_ARASENS_JCO'23,Quality of Life Scale,0.75,1.0,0.5,structured_text,Brief Pain Inventory Short-Form; FACT–Prostate (NCCN symptom index 17-item),Functional Assessment of Cancer Therapy–Prostate (National Comprehensive Cancer Network) symptom index 17-item questionnaire,"The prediction only captures one of the two scales mentioned in the GT, and rephrases it. While the rephrasing is acceptable, it misses the Brief Pain Inventory Short-Form."
NCT02799602_Hussain_ARASENS_JCO'23,Treatment Class,0.0,0.0,0.0,structured_text,Androgen receptor pathway inhibitor (AR antagonist),Triplet therapy,"The prediction provides a different classification than the GT. While ""triplet therapy"" might be true in the context of the trial, it's not the specific treatment class of Darolutamide itself."
NCT02799602_Hussain_ARASENS_JCO'23,Treatment Arm 1 Regimen,0.75,1.0,0.5,structured_text,Darolutamide 600 mg orally twice daily + ADT + docetaxel,Darolutamide + ADT + docetaxel,The prediction correctly identifies the drugs used in the regimen but misses the dosage and schedule of Darolutamide.
NCT02799602_Hussain_ARASENS_JCO'23,Volume of disease - N (%) | High | Control,0.75,0.5,1.0,numeric_tolerance,High-volume subgroup n=508,508 (77.7%),"The GT contains ""508"". The Pred contains ""508"" and ""77.7%"". 508 in Pred matches 508 in GT. Since the definition asks for number and percentage, the prediction is trying to provide both. However, the GT only provides the number. Correctness: 508 matches, but 77.7 is not in GT. Thus, correctness is 0."
NCT02799602_Hussain_ARASENS_JCO'23,Volume of disease - N (%) | High | Treatment,0.75,0.5,1.0,numeric_tolerance,High-volume subgroup n=497,497 (76.3%),"The GT contains ""497"". The Pred contains ""497"" and ""76.3%"". 497 in Pred matches 497 in GT. Since the definition asks for number and percentage, the prediction is trying to provide both. However, the GT only provides the number. Correctness: 497 matches, but 76.3 is not in GT. Thus, correctness is 0."
NCT02799602_Hussain_ARASENS_JCO'23,Volume of disease - N (%) | Low | Control,0.75,0.5,1.0,numeric_tolerance,Low-volume subgroup n=146,146 (22.3%),"The GT contains ""146"". The Pred contains ""146"" and ""22.3%"". 146 in Pred matches 146 in GT. Since the definition asks for number and percentage, the prediction is trying to provide both. However, the GT only provides the number. Correctness: 146 matches, but 22.3 is not in GT. Thus, correctness is 0."
NCT02799602_Hussain_ARASENS_JCO'23,Class of Agent in Treatment Arm 1,0.75,1.0,0.5,structured_text,Androgen receptor pathway inhibitor / androgen receptor antagonist (darolutamide),Androgen receptor pathway inhibitor,The prediction correctly identifies the class of agent but misses the specific drug name (darolutamide).
NCT02799602_Hussain_ARASENS_JCO'23,Type of Therapy,0.5,0.5,0.5,structured_text,Triplet therapy: hormonal (AR inhibitor) + ADT + chemotherapy (docetaxel),"Darolutamide + androgen-deprivation therapy (ADT) + docetaxel, Placebo + androgen-deprivation therapy (ADT) + docetaxel","The prediction lists the components of both the treatment and control arms, but doesn't explicitly state ""triplet therapy"" or the categories of each component (hormonal, ADT, chemotherapy). It also includes information from both arms when the column definition doesn't specify which arm to extract fr"
